--
-- PostgreSQL database dump
--

-- Dumped from database version 13.0
-- Dumped by pg_dump version 13.0

SET statement_timeout = 0;
SET lock_timeout = 0;
SET idle_in_transaction_session_timeout = 0;
SET client_encoding = 'UTF8';
SET standard_conforming_strings = on;
SELECT pg_catalog.set_config('search_path', '', false);
SET check_function_bodies = false;
SET xmloption = content;
SET client_min_messages = warning;
SET row_security = off;

SET default_tablespace = '';

SET default_table_access_method = heap;

--
-- Name: auth_group; Type: TABLE; Schema: public; Owner: postgres
--

CREATE TABLE public.auth_group (
    id integer NOT NULL,
    name character varying(150) NOT NULL
);


ALTER TABLE public.auth_group OWNER TO postgres;

--
-- Name: auth_group_id_seq; Type: SEQUENCE; Schema: public; Owner: postgres
--

ALTER TABLE public.auth_group ALTER COLUMN id ADD GENERATED BY DEFAULT AS IDENTITY (
    SEQUENCE NAME public.auth_group_id_seq
    START WITH 1
    INCREMENT BY 1
    NO MINVALUE
    NO MAXVALUE
    CACHE 1
);


--
-- Name: auth_group_permissions; Type: TABLE; Schema: public; Owner: postgres
--

CREATE TABLE public.auth_group_permissions (
    id bigint NOT NULL,
    group_id integer NOT NULL,
    permission_id integer NOT NULL
);


ALTER TABLE public.auth_group_permissions OWNER TO postgres;

--
-- Name: auth_group_permissions_id_seq; Type: SEQUENCE; Schema: public; Owner: postgres
--

ALTER TABLE public.auth_group_permissions ALTER COLUMN id ADD GENERATED BY DEFAULT AS IDENTITY (
    SEQUENCE NAME public.auth_group_permissions_id_seq
    START WITH 1
    INCREMENT BY 1
    NO MINVALUE
    NO MAXVALUE
    CACHE 1
);


--
-- Name: auth_permission; Type: TABLE; Schema: public; Owner: postgres
--

CREATE TABLE public.auth_permission (
    id integer NOT NULL,
    name character varying(255) NOT NULL,
    content_type_id integer NOT NULL,
    codename character varying(100) NOT NULL
);


ALTER TABLE public.auth_permission OWNER TO postgres;

--
-- Name: auth_permission_id_seq; Type: SEQUENCE; Schema: public; Owner: postgres
--

ALTER TABLE public.auth_permission ALTER COLUMN id ADD GENERATED BY DEFAULT AS IDENTITY (
    SEQUENCE NAME public.auth_permission_id_seq
    START WITH 1
    INCREMENT BY 1
    NO MINVALUE
    NO MAXVALUE
    CACHE 1
);


--
-- Name: auth_user; Type: TABLE; Schema: public; Owner: postgres
--

CREATE TABLE public.auth_user (
    id integer NOT NULL,
    password character varying(128) NOT NULL,
    last_login timestamp with time zone,
    is_superuser boolean NOT NULL,
    username character varying(150) NOT NULL,
    first_name character varying(150) NOT NULL,
    last_name character varying(150) NOT NULL,
    email character varying(254) NOT NULL,
    is_staff boolean NOT NULL,
    is_active boolean NOT NULL,
    date_joined timestamp with time zone NOT NULL
);


ALTER TABLE public.auth_user OWNER TO postgres;

--
-- Name: auth_user_groups; Type: TABLE; Schema: public; Owner: postgres
--

CREATE TABLE public.auth_user_groups (
    id bigint NOT NULL,
    user_id integer NOT NULL,
    group_id integer NOT NULL
);


ALTER TABLE public.auth_user_groups OWNER TO postgres;

--
-- Name: auth_user_groups_id_seq; Type: SEQUENCE; Schema: public; Owner: postgres
--

ALTER TABLE public.auth_user_groups ALTER COLUMN id ADD GENERATED BY DEFAULT AS IDENTITY (
    SEQUENCE NAME public.auth_user_groups_id_seq
    START WITH 1
    INCREMENT BY 1
    NO MINVALUE
    NO MAXVALUE
    CACHE 1
);


--
-- Name: auth_user_id_seq; Type: SEQUENCE; Schema: public; Owner: postgres
--

ALTER TABLE public.auth_user ALTER COLUMN id ADD GENERATED BY DEFAULT AS IDENTITY (
    SEQUENCE NAME public.auth_user_id_seq
    START WITH 1
    INCREMENT BY 1
    NO MINVALUE
    NO MAXVALUE
    CACHE 1
);


--
-- Name: auth_user_user_permissions; Type: TABLE; Schema: public; Owner: postgres
--

CREATE TABLE public.auth_user_user_permissions (
    id bigint NOT NULL,
    user_id integer NOT NULL,
    permission_id integer NOT NULL
);


ALTER TABLE public.auth_user_user_permissions OWNER TO postgres;

--
-- Name: auth_user_user_permissions_id_seq; Type: SEQUENCE; Schema: public; Owner: postgres
--

ALTER TABLE public.auth_user_user_permissions ALTER COLUMN id ADD GENERATED BY DEFAULT AS IDENTITY (
    SEQUENCE NAME public.auth_user_user_permissions_id_seq
    START WITH 1
    INCREMENT BY 1
    NO MINVALUE
    NO MAXVALUE
    CACHE 1
);


--
-- Name: django_admin_log; Type: TABLE; Schema: public; Owner: postgres
--

CREATE TABLE public.django_admin_log (
    id integer NOT NULL,
    action_time timestamp with time zone NOT NULL,
    object_id text,
    object_repr character varying(200) NOT NULL,
    action_flag smallint NOT NULL,
    change_message text NOT NULL,
    content_type_id integer,
    user_id integer NOT NULL,
    CONSTRAINT django_admin_log_action_flag_check CHECK ((action_flag >= 0))
);


ALTER TABLE public.django_admin_log OWNER TO postgres;

--
-- Name: django_admin_log_id_seq; Type: SEQUENCE; Schema: public; Owner: postgres
--

ALTER TABLE public.django_admin_log ALTER COLUMN id ADD GENERATED BY DEFAULT AS IDENTITY (
    SEQUENCE NAME public.django_admin_log_id_seq
    START WITH 1
    INCREMENT BY 1
    NO MINVALUE
    NO MAXVALUE
    CACHE 1
);


--
-- Name: django_content_type; Type: TABLE; Schema: public; Owner: postgres
--

CREATE TABLE public.django_content_type (
    id integer NOT NULL,
    app_label character varying(100) NOT NULL,
    model character varying(100) NOT NULL
);


ALTER TABLE public.django_content_type OWNER TO postgres;

--
-- Name: django_content_type_id_seq; Type: SEQUENCE; Schema: public; Owner: postgres
--

ALTER TABLE public.django_content_type ALTER COLUMN id ADD GENERATED BY DEFAULT AS IDENTITY (
    SEQUENCE NAME public.django_content_type_id_seq
    START WITH 1
    INCREMENT BY 1
    NO MINVALUE
    NO MAXVALUE
    CACHE 1
);


--
-- Name: django_migrations; Type: TABLE; Schema: public; Owner: postgres
--

CREATE TABLE public.django_migrations (
    id bigint NOT NULL,
    app character varying(255) NOT NULL,
    name character varying(255) NOT NULL,
    applied timestamp with time zone NOT NULL
);


ALTER TABLE public.django_migrations OWNER TO postgres;

--
-- Name: django_migrations_id_seq; Type: SEQUENCE; Schema: public; Owner: postgres
--

ALTER TABLE public.django_migrations ALTER COLUMN id ADD GENERATED BY DEFAULT AS IDENTITY (
    SEQUENCE NAME public.django_migrations_id_seq
    START WITH 1
    INCREMENT BY 1
    NO MINVALUE
    NO MAXVALUE
    CACHE 1
);


--
-- Name: django_session; Type: TABLE; Schema: public; Owner: postgres
--

CREATE TABLE public.django_session (
    session_key character varying(40) NOT NULL,
    session_data text NOT NULL,
    expire_date timestamp with time zone NOT NULL
);


ALTER TABLE public.django_session OWNER TO postgres;

--
-- Name: main_client; Type: TABLE; Schema: public; Owner: postgres
--

CREATE TABLE public.main_client (
    id bigint NOT NULL,
    rubles numeric(9,2) NOT NULL,
    user_id integer NOT NULL,
    account_type character varying(255) NOT NULL,
    money_profit bigint NOT NULL
);


ALTER TABLE public.main_client OWNER TO postgres;

--
-- Name: main_client_id_seq; Type: SEQUENCE; Schema: public; Owner: postgres
--

ALTER TABLE public.main_client ALTER COLUMN id ADD GENERATED BY DEFAULT AS IDENTITY (
    SEQUENCE NAME public.main_client_id_seq
    START WITH 1
    INCREMENT BY 1
    NO MINVALUE
    NO MAXVALUE
    CACHE 1
);


--
-- Name: main_moneypurchase; Type: TABLE; Schema: public; Owner: postgres
--

CREATE TABLE public.main_moneypurchase (
    id bigint NOT NULL,
    money bigint NOT NULL,
    rubles numeric(9,2) NOT NULL,
    created_at timestamp with time zone NOT NULL,
    customer_id bigint NOT NULL,
    money_sale_lot_id bigint NOT NULL,
    seller_id bigint NOT NULL
);


ALTER TABLE public.main_moneypurchase OWNER TO postgres;

--
-- Name: main_moneypurchase_id_seq; Type: SEQUENCE; Schema: public; Owner: postgres
--

ALTER TABLE public.main_moneypurchase ALTER COLUMN id ADD GENERATED BY DEFAULT AS IDENTITY (
    SEQUENCE NAME public.main_moneypurchase_id_seq
    START WITH 1
    INCREMENT BY 1
    NO MINVALUE
    NO MAXVALUE
    CACHE 1
);


--
-- Name: main_moneysaleoffer; Type: TABLE; Schema: public; Owner: postgres
--

CREATE TABLE public.main_moneysaleoffer (
    id bigint NOT NULL,
    status character varying(255) NOT NULL,
    money bigint NOT NULL,
    price numeric(9,2) NOT NULL,
    created_at timestamp with time zone NOT NULL,
    seller_id bigint NOT NULL
);


ALTER TABLE public.main_moneysaleoffer OWNER TO postgres;

--
-- Name: main_moneysaleoffer_id_seq; Type: SEQUENCE; Schema: public; Owner: postgres
--

ALTER TABLE public.main_moneysaleoffer ALTER COLUMN id ADD GENERATED BY DEFAULT AS IDENTITY (
    SEQUENCE NAME public.main_moneysaleoffer_id_seq
    START WITH 1
    INCREMENT BY 1
    NO MINVALUE
    NO MAXVALUE
    CACHE 1
);


--
-- Name: main_moneytransfer; Type: TABLE; Schema: public; Owner: postgres
--

CREATE TABLE public.main_moneytransfer (
    id bigint NOT NULL,
    money_count bigint NOT NULL,
    created_at timestamp with time zone NOT NULL,
    receiver_id bigint NOT NULL,
    sender_id bigint NOT NULL
);


ALTER TABLE public.main_moneytransfer OWNER TO postgres;

--
-- Name: main_moneytransfer_id_seq; Type: SEQUENCE; Schema: public; Owner: postgres
--

ALTER TABLE public.main_moneytransfer ALTER COLUMN id ADD GENERATED BY DEFAULT AS IDENTITY (
    SEQUENCE NAME public.main_moneytransfer_id_seq
    START WITH 1
    INCREMENT BY 1
    NO MINVALUE
    NO MAXVALUE
    CACHE 1
);


--
-- Name: payment_payment; Type: TABLE; Schema: public; Owner: postgres
--

CREATE TABLE public.payment_payment (
    id bigint NOT NULL,
    withdrawal_request_id bigint NOT NULL
);


ALTER TABLE public.payment_payment OWNER TO postgres;

--
-- Name: payment_payment_id_seq; Type: SEQUENCE; Schema: public; Owner: postgres
--

ALTER TABLE public.payment_payment ALTER COLUMN id ADD GENERATED BY DEFAULT AS IDENTITY (
    SEQUENCE NAME public.payment_payment_id_seq
    START WITH 1
    INCREMENT BY 1
    NO MINVALUE
    NO MAXVALUE
    CACHE 1
);


--
-- Name: payment_qiwibill; Type: TABLE; Schema: public; Owner: postgres
--

CREATE TABLE public.payment_qiwibill (
    id bigint NOT NULL,
    status character varying(255) NOT NULL,
    amount numeric(9,2) NOT NULL,
    created_at timestamp with time zone NOT NULL,
    expired_at timestamp with time zone NOT NULL,
    client_id bigint NOT NULL
);


ALTER TABLE public.payment_qiwibill OWNER TO postgres;

--
-- Name: payment_qiwibill_id_seq; Type: SEQUENCE; Schema: public; Owner: postgres
--

ALTER TABLE public.payment_qiwibill ALTER COLUMN id ADD GENERATED BY DEFAULT AS IDENTITY (
    SEQUENCE NAME public.payment_qiwibill_id_seq
    START WITH 1
    INCREMENT BY 1
    NO MINVALUE
    NO MAXVALUE
    CACHE 1
);


--
-- Name: payment_withdrawalrequest; Type: TABLE; Schema: public; Owner: postgres
--

CREATE TABLE public.payment_withdrawalrequest (
    id bigint NOT NULL,
    status character varying(255) NOT NULL,
    amount numeric(9,2) NOT NULL,
    created_at timestamp with time zone NOT NULL,
    client_id bigint NOT NULL
);


ALTER TABLE public.payment_withdrawalrequest OWNER TO postgres;

--
-- Name: payment_withdrawalrequest_id_seq; Type: SEQUENCE; Schema: public; Owner: postgres
--

ALTER TABLE public.payment_withdrawalrequest ALTER COLUMN id ADD GENERATED BY DEFAULT AS IDENTITY (
    SEQUENCE NAME public.payment_withdrawalrequest_id_seq
    START WITH 1
    INCREMENT BY 1
    NO MINVALUE
    NO MAXVALUE
    CACHE 1
);


--
-- Data for Name: auth_group; Type: TABLE DATA; Schema: public; Owner: postgres
--



--
-- Data for Name: auth_group_permissions; Type: TABLE DATA; Schema: public; Owner: postgres
--



--
-- Data for Name: auth_permission; Type: TABLE DATA; Schema: public; Owner: postgres
--

INSERT INTO public.auth_permission VALUES (1, 'Can add log entry', 1, 'add_logentry');
INSERT INTO public.auth_permission VALUES (2, 'Can change log entry', 1, 'change_logentry');
INSERT INTO public.auth_permission VALUES (3, 'Can delete log entry', 1, 'delete_logentry');
INSERT INTO public.auth_permission VALUES (4, 'Can view log entry', 1, 'view_logentry');
INSERT INTO public.auth_permission VALUES (5, 'Can add permission', 2, 'add_permission');
INSERT INTO public.auth_permission VALUES (6, 'Can change permission', 2, 'change_permission');
INSERT INTO public.auth_permission VALUES (7, 'Can delete permission', 2, 'delete_permission');
INSERT INTO public.auth_permission VALUES (8, 'Can view permission', 2, 'view_permission');
INSERT INTO public.auth_permission VALUES (9, 'Can add group', 3, 'add_group');
INSERT INTO public.auth_permission VALUES (10, 'Can change group', 3, 'change_group');
INSERT INTO public.auth_permission VALUES (11, 'Can delete group', 3, 'delete_group');
INSERT INTO public.auth_permission VALUES (12, 'Can view group', 3, 'view_group');
INSERT INTO public.auth_permission VALUES (13, 'Can add user', 4, 'add_user');
INSERT INTO public.auth_permission VALUES (14, 'Can change user', 4, 'change_user');
INSERT INTO public.auth_permission VALUES (15, 'Can delete user', 4, 'delete_user');
INSERT INTO public.auth_permission VALUES (16, 'Can view user', 4, 'view_user');
INSERT INTO public.auth_permission VALUES (17, 'Can add content type', 5, 'add_contenttype');
INSERT INTO public.auth_permission VALUES (18, 'Can change content type', 5, 'change_contenttype');
INSERT INTO public.auth_permission VALUES (19, 'Can delete content type', 5, 'delete_contenttype');
INSERT INTO public.auth_permission VALUES (20, 'Can view content type', 5, 'view_contenttype');
INSERT INTO public.auth_permission VALUES (21, 'Can add session', 6, 'add_session');
INSERT INTO public.auth_permission VALUES (22, 'Can change session', 6, 'change_session');
INSERT INTO public.auth_permission VALUES (23, 'Can delete session', 6, 'delete_session');
INSERT INTO public.auth_permission VALUES (24, 'Can view session', 6, 'view_session');
INSERT INTO public.auth_permission VALUES (25, 'Can add client', 7, 'add_client');
INSERT INTO public.auth_permission VALUES (26, 'Can change client', 7, 'change_client');
INSERT INTO public.auth_permission VALUES (27, 'Can delete client', 7, 'delete_client');
INSERT INTO public.auth_permission VALUES (28, 'Can view client', 7, 'view_client');
INSERT INTO public.auth_permission VALUES (29, 'Can add money transfer', 8, 'add_moneytransfer');
INSERT INTO public.auth_permission VALUES (30, 'Can change money transfer', 8, 'change_moneytransfer');
INSERT INTO public.auth_permission VALUES (31, 'Can delete money transfer', 8, 'delete_moneytransfer');
INSERT INTO public.auth_permission VALUES (32, 'Can view money transfer', 8, 'view_moneytransfer');
INSERT INTO public.auth_permission VALUES (33, 'Can add money sale offer', 9, 'add_moneysaleoffer');
INSERT INTO public.auth_permission VALUES (34, 'Can change money sale offer', 9, 'change_moneysaleoffer');
INSERT INTO public.auth_permission VALUES (35, 'Can delete money sale offer', 9, 'delete_moneysaleoffer');
INSERT INTO public.auth_permission VALUES (36, 'Can view money sale offer', 9, 'view_moneysaleoffer');
INSERT INTO public.auth_permission VALUES (37, 'Can add money purchase', 10, 'add_moneypurchase');
INSERT INTO public.auth_permission VALUES (38, 'Can change money purchase', 10, 'change_moneypurchase');
INSERT INTO public.auth_permission VALUES (39, 'Can delete money purchase', 10, 'delete_moneypurchase');
INSERT INTO public.auth_permission VALUES (40, 'Can view money purchase', 10, 'view_moneypurchase');
INSERT INTO public.auth_permission VALUES (41, 'Can add withdrawal request', 11, 'add_withdrawalrequest');
INSERT INTO public.auth_permission VALUES (42, 'Can change withdrawal request', 11, 'change_withdrawalrequest');
INSERT INTO public.auth_permission VALUES (43, 'Can delete withdrawal request', 11, 'delete_withdrawalrequest');
INSERT INTO public.auth_permission VALUES (44, 'Can view withdrawal request', 11, 'view_withdrawalrequest');
INSERT INTO public.auth_permission VALUES (45, 'Can add qiwi bill', 12, 'add_qiwibill');
INSERT INTO public.auth_permission VALUES (46, 'Can change qiwi bill', 12, 'change_qiwibill');
INSERT INTO public.auth_permission VALUES (47, 'Can delete qiwi bill', 12, 'delete_qiwibill');
INSERT INTO public.auth_permission VALUES (48, 'Can view qiwi bill', 12, 'view_qiwibill');
INSERT INTO public.auth_permission VALUES (49, 'Can add payment', 13, 'add_payment');
INSERT INTO public.auth_permission VALUES (50, 'Can change payment', 13, 'change_payment');
INSERT INTO public.auth_permission VALUES (51, 'Can delete payment', 13, 'delete_payment');
INSERT INTO public.auth_permission VALUES (52, 'Can view payment', 13, 'view_payment');


--
-- Data for Name: auth_user; Type: TABLE DATA; Schema: public; Owner: postgres
--

INSERT INTO public.auth_user VALUES (1, 'pbkdf2_sha256$390000$d0zHAZutIfDopzYBVmzqvO$1WVr+045OP8clKgW1Oe6vodBWMZTgnTwzllB+shccA0=', NULL, true, 'misha', '', '', 'misha@gmail.com', true, true, '2022-12-01 12:00:00.000000+00');


--
-- Data for Name: auth_user_groups; Type: TABLE DATA; Schema: public; Owner: postgres
--



--
-- Data for Name: auth_user_user_permissions; Type: TABLE DATA; Schema: public; Owner: postgres
--



--
-- Data for Name: django_admin_log; Type: TABLE DATA; Schema: public; Owner: postgres
--



--
-- Data for Name: django_content_type; Type: TABLE DATA; Schema: public; Owner: postgres
--

INSERT INTO public.django_content_type VALUES (1, 'admin', 'logentry');
INSERT INTO public.django_content_type VALUES (2, 'auth', 'permission');
INSERT INTO public.django_content_type VALUES (3, 'auth', 'group');
INSERT INTO public.django_content_type VALUES (4, 'auth', 'user');
INSERT INTO public.django_content_type VALUES (5, 'contenttypes', 'contenttype');
INSERT INTO public.django_content_type VALUES (6, 'sessions', 'session');
INSERT INTO public.django_content_type VALUES (7, 'main', 'client');
INSERT INTO public.django_content_type VALUES (8, 'main', 'moneytransfer');
INSERT INTO public.django_content_type VALUES (9, 'main', 'moneysaleoffer');
INSERT INTO public.django_content_type VALUES (10, 'main', 'moneypurchase');
INSERT INTO public.django_content_type VALUES (11, 'payment', 'withdrawalrequest');
INSERT INTO public.django_content_type VALUES (12, 'payment', 'qiwibill');
INSERT INTO public.django_content_type VALUES (13, 'payment', 'payment');


--
-- Data for Name: django_migrations; Type: TABLE DATA; Schema: public; Owner: postgres
--

INSERT INTO public.django_migrations VALUES (1, 'contenttypes', '0001_initial', '2022-12-08 18:07:22.960766+00');
INSERT INTO public.django_migrations VALUES (2, 'auth', '0001_initial', '2022-12-08 18:07:23.051396+00');
INSERT INTO public.django_migrations VALUES (3, 'admin', '0001_initial', '2022-12-08 18:07:23.082549+00');
INSERT INTO public.django_migrations VALUES (4, 'admin', '0002_logentry_remove_auto_add', '2022-12-08 18:07:23.091896+00');
INSERT INTO public.django_migrations VALUES (5, 'admin', '0003_logentry_add_action_flag_choices', '2022-12-08 18:07:23.100974+00');
INSERT INTO public.django_migrations VALUES (6, 'contenttypes', '0002_remove_content_type_name', '2022-12-08 18:07:23.127441+00');
INSERT INTO public.django_migrations VALUES (7, 'auth', '0002_alter_permission_name_max_length', '2022-12-08 18:07:23.138608+00');
INSERT INTO public.django_migrations VALUES (8, 'auth', '0003_alter_user_email_max_length', '2022-12-08 18:07:23.150477+00');
INSERT INTO public.django_migrations VALUES (9, 'auth', '0004_alter_user_username_opts', '2022-12-08 18:07:23.159164+00');
INSERT INTO public.django_migrations VALUES (10, 'auth', '0005_alter_user_last_login_null', '2022-12-08 18:07:23.169682+00');
INSERT INTO public.django_migrations VALUES (11, 'auth', '0006_require_contenttypes_0002', '2022-12-08 18:07:23.172996+00');
INSERT INTO public.django_migrations VALUES (12, 'auth', '0007_alter_validators_add_error_messages', '2022-12-08 18:07:23.184175+00');
INSERT INTO public.django_migrations VALUES (13, 'auth', '0008_alter_user_username_max_length', '2022-12-08 18:07:23.198124+00');
INSERT INTO public.django_migrations VALUES (14, 'auth', '0009_alter_user_last_name_max_length', '2022-12-08 18:07:23.206903+00');
INSERT INTO public.django_migrations VALUES (15, 'auth', '0010_alter_group_name_max_length', '2022-12-08 18:07:23.217521+00');
INSERT INTO public.django_migrations VALUES (16, 'auth', '0011_update_proxy_permissions', '2022-12-08 18:07:23.226621+00');
INSERT INTO public.django_migrations VALUES (17, 'auth', '0012_alter_user_first_name_max_length', '2022-12-08 18:07:23.235918+00');
INSERT INTO public.django_migrations VALUES (18, 'main', '0001_initial', '2022-12-08 18:07:23.261332+00');
INSERT INTO public.django_migrations VALUES (19, 'sessions', '0001_initial', '2022-12-08 18:07:23.283358+00');
INSERT INTO public.django_migrations VALUES (20, 'main', '0002_remove_client_money_client_account_type_and_more', '2022-12-12 18:38:39.122463+00');
INSERT INTO public.django_migrations VALUES (21, 'payment', '0001_initial', '2022-12-12 18:38:39.218995+00');


--
-- Data for Name: django_session; Type: TABLE DATA; Schema: public; Owner: postgres
--



--
-- Data for Name: main_client; Type: TABLE DATA; Schema: public; Owner: postgres
--

INSERT INTO public.main_client VALUES (1, 120.00, 1, 'default', 100500);


--
-- Data for Name: main_moneypurchase; Type: TABLE DATA; Schema: public; Owner: postgres
--



--
-- Data for Name: main_moneysaleoffer; Type: TABLE DATA; Schema: public; Owner: postgres
--

INSERT INTO public.main_moneysaleoffer VALUES (1, 'created', 100000, 100.00, '2022-12-10 18:38:39.218995+00', 1);
INSERT INTO public.main_moneysaleoffer VALUES (2, 'created', 2000, 999.00, '2022-12-10 18:38:39.218995+00', 1);
INSERT INTO public.main_moneysaleoffer VALUES (3, 'sold_out', 50, 1.00, '2022-12-10 18:38:39.218995+00', 1);


--
-- Data for Name: main_moneytransfer; Type: TABLE DATA; Schema: public; Owner: postgres
--



--
-- Data for Name: payment_payment; Type: TABLE DATA; Schema: public; Owner: postgres
--



--
-- Data for Name: payment_qiwibill; Type: TABLE DATA; Schema: public; Owner: postgres
--

INSERT INTO public.payment_qiwibill VALUES (1, 'WAITING', 120.00, '2022-12-12 23:47:14.448159+00', '2022-12-19 23:47:14.448159+00', 1);
INSERT INTO public.payment_qiwibill VALUES (2, 'WAITING', 900.00, '2022-12-11 23:47:14.448159+00', '2022-12-18 23:47:14.448159+00', 1);
INSERT INTO public.payment_qiwibill VALUES (3, 'PAID', 50.00, '2022-12-10 23:47:14.448159+00', '2022-12-17 23:47:14.448159+00', 1);


--
-- Data for Name: payment_withdrawalrequest; Type: TABLE DATA; Schema: public; Owner: postgres
--



--
-- Name: auth_group_id_seq; Type: SEQUENCE SET; Schema: public; Owner: postgres
--

SELECT pg_catalog.setval('public.auth_group_id_seq', 1, false);


--
-- Name: auth_group_permissions_id_seq; Type: SEQUENCE SET; Schema: public; Owner: postgres
--

SELECT pg_catalog.setval('public.auth_group_permissions_id_seq', 1, false);


--
-- Name: auth_permission_id_seq; Type: SEQUENCE SET; Schema: public; Owner: postgres
--

SELECT pg_catalog.setval('public.auth_permission_id_seq', 52, true);


--
-- Name: auth_user_groups_id_seq; Type: SEQUENCE SET; Schema: public; Owner: postgres
--

SELECT pg_catalog.setval('public.auth_user_groups_id_seq', 1, false);


--
-- Name: auth_user_id_seq; Type: SEQUENCE SET; Schema: public; Owner: postgres
--

SELECT pg_catalog.setval('public.auth_user_id_seq', 1, true);


--
-- Name: auth_user_user_permissions_id_seq; Type: SEQUENCE SET; Schema: public; Owner: postgres
--

SELECT pg_catalog.setval('public.auth_user_user_permissions_id_seq', 1, false);


--
-- Name: django_admin_log_id_seq; Type: SEQUENCE SET; Schema: public; Owner: postgres
--

SELECT pg_catalog.setval('public.django_admin_log_id_seq', 1, false);


--
-- Name: django_content_type_id_seq; Type: SEQUENCE SET; Schema: public; Owner: postgres
--

SELECT pg_catalog.setval('public.django_content_type_id_seq', 13, true);


--
-- Name: django_migrations_id_seq; Type: SEQUENCE SET; Schema: public; Owner: postgres
--

SELECT pg_catalog.setval('public.django_migrations_id_seq', 21, true);


--
-- Name: main_client_id_seq; Type: SEQUENCE SET; Schema: public; Owner: postgres
--

SELECT pg_catalog.setval('public.main_client_id_seq', 2, false);


--
-- Name: main_moneypurchase_id_seq; Type: SEQUENCE SET; Schema: public; Owner: postgres
--

SELECT pg_catalog.setval('public.main_moneypurchase_id_seq', 1, false);


--
-- Name: main_moneysaleoffer_id_seq; Type: SEQUENCE SET; Schema: public; Owner: postgres
--

SELECT pg_catalog.setval('public.main_moneysaleoffer_id_seq', 1, false);


--
-- Name: main_moneytransfer_id_seq; Type: SEQUENCE SET; Schema: public; Owner: postgres
--

SELECT pg_catalog.setval('public.main_moneytransfer_id_seq', 1, false);


--
-- Name: payment_payment_id_seq; Type: SEQUENCE SET; Schema: public; Owner: postgres
--

SELECT pg_catalog.setval('public.payment_payment_id_seq', 1, false);


--
-- Name: payment_qiwibill_id_seq; Type: SEQUENCE SET; Schema: public; Owner: postgres
--

SELECT pg_catalog.setval('public.payment_qiwibill_id_seq', 2, false);


--
-- Name: payment_withdrawalrequest_id_seq; Type: SEQUENCE SET; Schema: public; Owner: postgres
--

SELECT pg_catalog.setval('public.payment_withdrawalrequest_id_seq', 1, false);


--
-- Name: auth_group auth_group_name_key; Type: CONSTRAINT; Schema: public; Owner: postgres
--

ALTER TABLE ONLY public.auth_group
    ADD CONSTRAINT auth_group_name_key UNIQUE (name);


--
-- Name: auth_group_permissions auth_group_permissions_group_id_permission_id_0cd325b0_uniq; Type: CONSTRAINT; Schema: public; Owner: postgres
--

ALTER TABLE ONLY public.auth_group_permissions
    ADD CONSTRAINT auth_group_permissions_group_id_permission_id_0cd325b0_uniq UNIQUE (group_id, permission_id);


--
-- Name: auth_group_permissions auth_group_permissions_pkey; Type: CONSTRAINT; Schema: public; Owner: postgres
--

ALTER TABLE ONLY public.auth_group_permissions
    ADD CONSTRAINT auth_group_permissions_pkey PRIMARY KEY (id);


--
-- Name: auth_group auth_group_pkey; Type: CONSTRAINT; Schema: public; Owner: postgres
--

ALTER TABLE ONLY public.auth_group
    ADD CONSTRAINT auth_group_pkey PRIMARY KEY (id);


--
-- Name: auth_permission auth_permission_content_type_id_codename_01ab375a_uniq; Type: CONSTRAINT; Schema: public; Owner: postgres
--

ALTER TABLE ONLY public.auth_permission
    ADD CONSTRAINT auth_permission_content_type_id_codename_01ab375a_uniq UNIQUE (content_type_id, codename);


--
-- Name: auth_permission auth_permission_pkey; Type: CONSTRAINT; Schema: public; Owner: postgres
--

ALTER TABLE ONLY public.auth_permission
    ADD CONSTRAINT auth_permission_pkey PRIMARY KEY (id);


--
-- Name: auth_user_groups auth_user_groups_pkey; Type: CONSTRAINT; Schema: public; Owner: postgres
--

ALTER TABLE ONLY public.auth_user_groups
    ADD CONSTRAINT auth_user_groups_pkey PRIMARY KEY (id);


--
-- Name: auth_user_groups auth_user_groups_user_id_group_id_94350c0c_uniq; Type: CONSTRAINT; Schema: public; Owner: postgres
--

ALTER TABLE ONLY public.auth_user_groups
    ADD CONSTRAINT auth_user_groups_user_id_group_id_94350c0c_uniq UNIQUE (user_id, group_id);


--
-- Name: auth_user auth_user_pkey; Type: CONSTRAINT; Schema: public; Owner: postgres
--

ALTER TABLE ONLY public.auth_user
    ADD CONSTRAINT auth_user_pkey PRIMARY KEY (id);


--
-- Name: auth_user_user_permissions auth_user_user_permissions_pkey; Type: CONSTRAINT; Schema: public; Owner: postgres
--

ALTER TABLE ONLY public.auth_user_user_permissions
    ADD CONSTRAINT auth_user_user_permissions_pkey PRIMARY KEY (id);


--
-- Name: auth_user_user_permissions auth_user_user_permissions_user_id_permission_id_14a6b632_uniq; Type: CONSTRAINT; Schema: public; Owner: postgres
--

ALTER TABLE ONLY public.auth_user_user_permissions
    ADD CONSTRAINT auth_user_user_permissions_user_id_permission_id_14a6b632_uniq UNIQUE (user_id, permission_id);


--
-- Name: auth_user auth_user_username_key; Type: CONSTRAINT; Schema: public; Owner: postgres
--

ALTER TABLE ONLY public.auth_user
    ADD CONSTRAINT auth_user_username_key UNIQUE (username);


--
-- Name: django_admin_log django_admin_log_pkey; Type: CONSTRAINT; Schema: public; Owner: postgres
--

ALTER TABLE ONLY public.django_admin_log
    ADD CONSTRAINT django_admin_log_pkey PRIMARY KEY (id);


--
-- Name: django_content_type django_content_type_app_label_model_76bd3d3b_uniq; Type: CONSTRAINT; Schema: public; Owner: postgres
--

ALTER TABLE ONLY public.django_content_type
    ADD CONSTRAINT django_content_type_app_label_model_76bd3d3b_uniq UNIQUE (app_label, model);


--
-- Name: django_content_type django_content_type_pkey; Type: CONSTRAINT; Schema: public; Owner: postgres
--

ALTER TABLE ONLY public.django_content_type
    ADD CONSTRAINT django_content_type_pkey PRIMARY KEY (id);


--
-- Name: django_migrations django_migrations_pkey; Type: CONSTRAINT; Schema: public; Owner: postgres
--

ALTER TABLE ONLY public.django_migrations
    ADD CONSTRAINT django_migrations_pkey PRIMARY KEY (id);


--
-- Name: django_session django_session_pkey; Type: CONSTRAINT; Schema: public; Owner: postgres
--

ALTER TABLE ONLY public.django_session
    ADD CONSTRAINT django_session_pkey PRIMARY KEY (session_key);


--
-- Name: main_client main_client_pkey; Type: CONSTRAINT; Schema: public; Owner: postgres
--

ALTER TABLE ONLY public.main_client
    ADD CONSTRAINT main_client_pkey PRIMARY KEY (id);


--
-- Name: main_client main_client_user_id_key; Type: CONSTRAINT; Schema: public; Owner: postgres
--

ALTER TABLE ONLY public.main_client
    ADD CONSTRAINT main_client_user_id_key UNIQUE (user_id);


--
-- Name: main_moneypurchase main_moneypurchase_pkey; Type: CONSTRAINT; Schema: public; Owner: postgres
--

ALTER TABLE ONLY public.main_moneypurchase
    ADD CONSTRAINT main_moneypurchase_pkey PRIMARY KEY (id);


--
-- Name: main_moneysaleoffer main_moneysaleoffer_pkey; Type: CONSTRAINT; Schema: public; Owner: postgres
--

ALTER TABLE ONLY public.main_moneysaleoffer
    ADD CONSTRAINT main_moneysaleoffer_pkey PRIMARY KEY (id);


--
-- Name: main_moneytransfer main_moneytransfer_pkey; Type: CONSTRAINT; Schema: public; Owner: postgres
--

ALTER TABLE ONLY public.main_moneytransfer
    ADD CONSTRAINT main_moneytransfer_pkey PRIMARY KEY (id);


--
-- Name: payment_payment payment_payment_pkey; Type: CONSTRAINT; Schema: public; Owner: postgres
--

ALTER TABLE ONLY public.payment_payment
    ADD CONSTRAINT payment_payment_pkey PRIMARY KEY (id);


--
-- Name: payment_payment payment_payment_withdrawal_request_id_key; Type: CONSTRAINT; Schema: public; Owner: postgres
--

ALTER TABLE ONLY public.payment_payment
    ADD CONSTRAINT payment_payment_withdrawal_request_id_key UNIQUE (withdrawal_request_id);


--
-- Name: payment_qiwibill payment_qiwibill_pkey; Type: CONSTRAINT; Schema: public; Owner: postgres
--

ALTER TABLE ONLY public.payment_qiwibill
    ADD CONSTRAINT payment_qiwibill_pkey PRIMARY KEY (id);


--
-- Name: payment_withdrawalrequest payment_withdrawalrequest_pkey; Type: CONSTRAINT; Schema: public; Owner: postgres
--

ALTER TABLE ONLY public.payment_withdrawalrequest
    ADD CONSTRAINT payment_withdrawalrequest_pkey PRIMARY KEY (id);


--
-- Name: auth_group_name_a6ea08ec_like; Type: INDEX; Schema: public; Owner: postgres
--

CREATE INDEX auth_group_name_a6ea08ec_like ON public.auth_group USING btree (name varchar_pattern_ops);


--
-- Name: auth_group_permissions_group_id_b120cbf9; Type: INDEX; Schema: public; Owner: postgres
--

CREATE INDEX auth_group_permissions_group_id_b120cbf9 ON public.auth_group_permissions USING btree (group_id);


--
-- Name: auth_group_permissions_permission_id_84c5c92e; Type: INDEX; Schema: public; Owner: postgres
--

CREATE INDEX auth_group_permissions_permission_id_84c5c92e ON public.auth_group_permissions USING btree (permission_id);


--
-- Name: auth_permission_content_type_id_2f476e4b; Type: INDEX; Schema: public; Owner: postgres
--

CREATE INDEX auth_permission_content_type_id_2f476e4b ON public.auth_permission USING btree (content_type_id);


--
-- Name: auth_user_groups_group_id_97559544; Type: INDEX; Schema: public; Owner: postgres
--

CREATE INDEX auth_user_groups_group_id_97559544 ON public.auth_user_groups USING btree (group_id);


--
-- Name: auth_user_groups_user_id_6a12ed8b; Type: INDEX; Schema: public; Owner: postgres
--

CREATE INDEX auth_user_groups_user_id_6a12ed8b ON public.auth_user_groups USING btree (user_id);


--
-- Name: auth_user_user_permissions_permission_id_1fbb5f2c; Type: INDEX; Schema: public; Owner: postgres
--

CREATE INDEX auth_user_user_permissions_permission_id_1fbb5f2c ON public.auth_user_user_permissions USING btree (permission_id);


--
-- Name: auth_user_user_permissions_user_id_a95ead1b; Type: INDEX; Schema: public; Owner: postgres
--

CREATE INDEX auth_user_user_permissions_user_id_a95ead1b ON public.auth_user_user_permissions USING btree (user_id);


--
-- Name: auth_user_username_6821ab7c_like; Type: INDEX; Schema: public; Owner: postgres
--

CREATE INDEX auth_user_username_6821ab7c_like ON public.auth_user USING btree (username varchar_pattern_ops);


--
-- Name: django_admin_log_content_type_id_c4bce8eb; Type: INDEX; Schema: public; Owner: postgres
--

CREATE INDEX django_admin_log_content_type_id_c4bce8eb ON public.django_admin_log USING btree (content_type_id);


--
-- Name: django_admin_log_user_id_c564eba6; Type: INDEX; Schema: public; Owner: postgres
--

CREATE INDEX django_admin_log_user_id_c564eba6 ON public.django_admin_log USING btree (user_id);


--
-- Name: django_session_expire_date_a5c62663; Type: INDEX; Schema: public; Owner: postgres
--

CREATE INDEX django_session_expire_date_a5c62663 ON public.django_session USING btree (expire_date);


--
-- Name: django_session_session_key_c0390e0f_like; Type: INDEX; Schema: public; Owner: postgres
--

CREATE INDEX django_session_session_key_c0390e0f_like ON public.django_session USING btree (session_key varchar_pattern_ops);


--
-- Name: main_moneypurchase_customer_id_e965db4f; Type: INDEX; Schema: public; Owner: postgres
--

CREATE INDEX main_moneypurchase_customer_id_e965db4f ON public.main_moneypurchase USING btree (customer_id);


--
-- Name: main_moneypurchase_money_sale_lot_id_81129bae; Type: INDEX; Schema: public; Owner: postgres
--

CREATE INDEX main_moneypurchase_money_sale_lot_id_81129bae ON public.main_moneypurchase USING btree (money_sale_lot_id);


--
-- Name: main_moneypurchase_seller_id_df025c53; Type: INDEX; Schema: public; Owner: postgres
--

CREATE INDEX main_moneypurchase_seller_id_df025c53 ON public.main_moneypurchase USING btree (seller_id);


--
-- Name: main_moneysaleoffer_seller_id_e42da00f; Type: INDEX; Schema: public; Owner: postgres
--

CREATE INDEX main_moneysaleoffer_seller_id_e42da00f ON public.main_moneysaleoffer USING btree (seller_id);


--
-- Name: main_moneytransfer_receiver_id_a5d04786; Type: INDEX; Schema: public; Owner: postgres
--

CREATE INDEX main_moneytransfer_receiver_id_a5d04786 ON public.main_moneytransfer USING btree (receiver_id);


--
-- Name: main_moneytransfer_sender_id_2a62908b; Type: INDEX; Schema: public; Owner: postgres
--

CREATE INDEX main_moneytransfer_sender_id_2a62908b ON public.main_moneytransfer USING btree (sender_id);


--
-- Name: payment_qiwibill_client_id_811fa4b0; Type: INDEX; Schema: public; Owner: postgres
--

CREATE INDEX payment_qiwibill_client_id_811fa4b0 ON public.payment_qiwibill USING btree (client_id);


--
-- Name: payment_withdrawalrequest_client_id_e7484b04; Type: INDEX; Schema: public; Owner: postgres
--

CREATE INDEX payment_withdrawalrequest_client_id_e7484b04 ON public.payment_withdrawalrequest USING btree (client_id);


--
-- Name: auth_group_permissions auth_group_permissio_permission_id_84c5c92e_fk_auth_perm; Type: FK CONSTRAINT; Schema: public; Owner: postgres
--

ALTER TABLE ONLY public.auth_group_permissions
    ADD CONSTRAINT auth_group_permissio_permission_id_84c5c92e_fk_auth_perm FOREIGN KEY (permission_id) REFERENCES public.auth_permission(id) DEFERRABLE INITIALLY DEFERRED;


--
-- Name: auth_group_permissions auth_group_permissions_group_id_b120cbf9_fk_auth_group_id; Type: FK CONSTRAINT; Schema: public; Owner: postgres
--

ALTER TABLE ONLY public.auth_group_permissions
    ADD CONSTRAINT auth_group_permissions_group_id_b120cbf9_fk_auth_group_id FOREIGN KEY (group_id) REFERENCES public.auth_group(id) DEFERRABLE INITIALLY DEFERRED;


--
-- Name: auth_permission auth_permission_content_type_id_2f476e4b_fk_django_co; Type: FK CONSTRAINT; Schema: public; Owner: postgres
--

ALTER TABLE ONLY public.auth_permission
    ADD CONSTRAINT auth_permission_content_type_id_2f476e4b_fk_django_co FOREIGN KEY (content_type_id) REFERENCES public.django_content_type(id) DEFERRABLE INITIALLY DEFERRED;


--
-- Name: auth_user_groups auth_user_groups_group_id_97559544_fk_auth_group_id; Type: FK CONSTRAINT; Schema: public; Owner: postgres
--

ALTER TABLE ONLY public.auth_user_groups
    ADD CONSTRAINT auth_user_groups_group_id_97559544_fk_auth_group_id FOREIGN KEY (group_id) REFERENCES public.auth_group(id) DEFERRABLE INITIALLY DEFERRED;


--
-- Name: auth_user_groups auth_user_groups_user_id_6a12ed8b_fk_auth_user_id; Type: FK CONSTRAINT; Schema: public; Owner: postgres
--

ALTER TABLE ONLY public.auth_user_groups
    ADD CONSTRAINT auth_user_groups_user_id_6a12ed8b_fk_auth_user_id FOREIGN KEY (user_id) REFERENCES public.auth_user(id) DEFERRABLE INITIALLY DEFERRED;


--
-- Name: auth_user_user_permissions auth_user_user_permi_permission_id_1fbb5f2c_fk_auth_perm; Type: FK CONSTRAINT; Schema: public; Owner: postgres
--

ALTER TABLE ONLY public.auth_user_user_permissions
    ADD CONSTRAINT auth_user_user_permi_permission_id_1fbb5f2c_fk_auth_perm FOREIGN KEY (permission_id) REFERENCES public.auth_permission(id) DEFERRABLE INITIALLY DEFERRED;


--
-- Name: auth_user_user_permissions auth_user_user_permissions_user_id_a95ead1b_fk_auth_user_id; Type: FK CONSTRAINT; Schema: public; Owner: postgres
--

ALTER TABLE ONLY public.auth_user_user_permissions
    ADD CONSTRAINT auth_user_user_permissions_user_id_a95ead1b_fk_auth_user_id FOREIGN KEY (user_id) REFERENCES public.auth_user(id) DEFERRABLE INITIALLY DEFERRED;


--
-- Name: django_admin_log django_admin_log_content_type_id_c4bce8eb_fk_django_co; Type: FK CONSTRAINT; Schema: public; Owner: postgres
--

ALTER TABLE ONLY public.django_admin_log
    ADD CONSTRAINT django_admin_log_content_type_id_c4bce8eb_fk_django_co FOREIGN KEY (content_type_id) REFERENCES public.django_content_type(id) DEFERRABLE INITIALLY DEFERRED;


--
-- Name: django_admin_log django_admin_log_user_id_c564eba6_fk_auth_user_id; Type: FK CONSTRAINT; Schema: public; Owner: postgres
--

ALTER TABLE ONLY public.django_admin_log
    ADD CONSTRAINT django_admin_log_user_id_c564eba6_fk_auth_user_id FOREIGN KEY (user_id) REFERENCES public.auth_user(id) DEFERRABLE INITIALLY DEFERRED;


--
-- Name: main_client main_client_user_id_a1b993d0_fk_auth_user_id; Type: FK CONSTRAINT; Schema: public; Owner: postgres
--

ALTER TABLE ONLY public.main_client
    ADD CONSTRAINT main_client_user_id_a1b993d0_fk_auth_user_id FOREIGN KEY (user_id) REFERENCES public.auth_user(id) DEFERRABLE INITIALLY DEFERRED;


--
-- Name: main_moneypurchase main_moneypurchase_customer_id_e965db4f_fk_main_client_id; Type: FK CONSTRAINT; Schema: public; Owner: postgres
--

ALTER TABLE ONLY public.main_moneypurchase
    ADD CONSTRAINT main_moneypurchase_customer_id_e965db4f_fk_main_client_id FOREIGN KEY (customer_id) REFERENCES public.main_client(id) DEFERRABLE INITIALLY DEFERRED;


--
-- Name: main_moneypurchase main_moneypurchase_money_sale_lot_id_81129bae_fk_main_mone; Type: FK CONSTRAINT; Schema: public; Owner: postgres
--

ALTER TABLE ONLY public.main_moneypurchase
    ADD CONSTRAINT main_moneypurchase_money_sale_lot_id_81129bae_fk_main_mone FOREIGN KEY (money_sale_lot_id) REFERENCES public.main_moneysaleoffer(id) DEFERRABLE INITIALLY DEFERRED;


--
-- Name: main_moneypurchase main_moneypurchase_seller_id_df025c53_fk_main_client_id; Type: FK CONSTRAINT; Schema: public; Owner: postgres
--

ALTER TABLE ONLY public.main_moneypurchase
    ADD CONSTRAINT main_moneypurchase_seller_id_df025c53_fk_main_client_id FOREIGN KEY (seller_id) REFERENCES public.main_client(id) DEFERRABLE INITIALLY DEFERRED;


--
-- Name: main_moneysaleoffer main_moneysaleoffer_seller_id_e42da00f_fk_main_client_id; Type: FK CONSTRAINT; Schema: public; Owner: postgres
--

ALTER TABLE ONLY public.main_moneysaleoffer
    ADD CONSTRAINT main_moneysaleoffer_seller_id_e42da00f_fk_main_client_id FOREIGN KEY (seller_id) REFERENCES public.main_client(id) DEFERRABLE INITIALLY DEFERRED;


--
-- Name: main_moneytransfer main_moneytransfer_receiver_id_a5d04786_fk_main_client_id; Type: FK CONSTRAINT; Schema: public; Owner: postgres
--

ALTER TABLE ONLY public.main_moneytransfer
    ADD CONSTRAINT main_moneytransfer_receiver_id_a5d04786_fk_main_client_id FOREIGN KEY (receiver_id) REFERENCES public.main_client(id) DEFERRABLE INITIALLY DEFERRED;


--
-- Name: main_moneytransfer main_moneytransfer_sender_id_2a62908b_fk_main_client_id; Type: FK CONSTRAINT; Schema: public; Owner: postgres
--

ALTER TABLE ONLY public.main_moneytransfer
    ADD CONSTRAINT main_moneytransfer_sender_id_2a62908b_fk_main_client_id FOREIGN KEY (sender_id) REFERENCES public.main_client(id) DEFERRABLE INITIALLY DEFERRED;


--
-- Name: payment_payment payment_payment_withdrawal_request_i_809e7a10_fk_payment_w; Type: FK CONSTRAINT; Schema: public; Owner: postgres
--

ALTER TABLE ONLY public.payment_payment
    ADD CONSTRAINT payment_payment_withdrawal_request_i_809e7a10_fk_payment_w FOREIGN KEY (withdrawal_request_id) REFERENCES public.payment_withdrawalrequest(id) DEFERRABLE INITIALLY DEFERRED;


--
-- Name: payment_qiwibill payment_qiwibill_client_id_811fa4b0_fk_main_client_id; Type: FK CONSTRAINT; Schema: public; Owner: postgres
--

ALTER TABLE ONLY public.payment_qiwibill
    ADD CONSTRAINT payment_qiwibill_client_id_811fa4b0_fk_main_client_id FOREIGN KEY (client_id) REFERENCES public.main_client(id) DEFERRABLE INITIALLY DEFERRED;


--
-- Name: payment_withdrawalrequest payment_withdrawalrequest_client_id_e7484b04_fk_main_client_id; Type: FK CONSTRAINT; Schema: public; Owner: postgres
--

ALTER TABLE ONLY public.payment_withdrawalrequest
    ADD CONSTRAINT payment_withdrawalrequest_client_id_e7484b04_fk_main_client_id FOREIGN KEY (client_id) REFERENCES public.main_client(id) DEFERRABLE INITIALLY DEFERRED;


--
-- PostgreSQL database dump complete
--

